category,total_profit,total_sales,profit_margin_percent
Technology,663778.73318,4744691.00,13.989925438
"Office Supplies",518473.83430,3787330.00,13.689692588
Furniture,286782.25380,4110884.00,6.976169938
