discount_range,total_profit,total_sales,profit_margin_percent
"High (>30%)",-735549.89250,1809097.00,-40.658399881
"Low (0-10%)",281790.21030,1701238.00,16.563832356
"Medium (11-30%)",152099.23028,2139836.00,7.107985391
"No Discount",1770695.27320,6992734.00,25.321930924
